quadra,lote,area_m2,valor_total,entrada_12x,parcela_12x_prefix,entrada_24x,parcela_24x_prefix,entrada_36x,parcela_36x_price_ipca,entrada_48x,parcela_48x_price_ipca,entrada_120x,parcela_120x_price_ipca,entrada_180x,parcela_180x_price_ipca
1,1,277.63,347037.5,34704.0,26028.0,52056.0,12291.0,34704.0,8676.0,34704.0,7335.0,34704.0,4162.0,34704.0,3558.0
1,2,270.0,337500.0,33750.0,25313.0,50625.0,11953.0,33750.0,8438.0,33750.0,7134.0,33750.0,4048.0,33750.0,3460.0
1,3,270.0,337500.0,33750.0,25313.0,50625.0,11953.0,33750.0,8438.0,33750.0,7134.0,33750.0,4048.0,33750.0,3460.0
1,4,270.0,337500.0,33750.0,25313.0,50625.0,11953.0,33750.0,8438.0,33750.0,7134.0,33750.0,4048.0,33750.0,3460.0
1,5,270.0,337500.0,33750.0,25313.0,50625.0,11953.0,33750.0,8438.0,33750.0,7134.0,33750.0,4048.0,33750.0,3460.0
1,6,270.0,337500.0,33750.0,25313.0,50625.0,11953.0,33750.0,8438.0,33750.0,7134.0,33750.0,4048.0,33750.0,3460.0
1,7,270.0,337500.0,33750.0,25313.0,50625.0,11953.0,33750.0,8438.0,33750.0,7134.0,33750.0,4048.0,33750.0,3460.0
1,8,270.0,337500.0,33750.0,25313.0,50625.0,11953.0,33750.0,8438.0,33750.0,7134.0,33750.0,4048.0,33750.0,3460.0
1,9,270.0,337500.0,33750.0,25313.0,50625.0,11953.0,33750.0,8438.0,33750.0,7134.0,33750.0,4048.0,33750.0,3460.0
1,10,270.0,337500.0,33750.0,25313.0,50625.0,11953.0,33750.0,8438.0,33750.0,7134.0,33750.0,4048.0,33750.0,3460.0
1,11,276.18,345225.0,34523.0,25892.0,51784.0,12227.0,34523.0,8631.0,34523.0,7297.0,34523.0,4140.0,34523.0,3539.0
1,12,288.32,360400.0,36040.0,27030.0,54060.0,12764.0,36040.0,9010.0,36040.0,7618.0,36040.0,4322.0,36040.0,3695.0
2,1,311.24,389050.0,38905.0,29179.0,58358.0,13779.0,38905.0,9726.0,38905.0,8223.0,38905.0,4666.0,38905.0,3989.0
2,2,262.5,328125.0,32813.0,24609.0,49219.0,11621.0,32813.0,8203.0,32813.0,6935.0,32813.0,3935.0,32813.0,3364.0
2,3,250.0,312500.0,31250.0,23438.0,46875.0,11068.0,31250.0,7813.0,31250.0,6605.0,31250.0,3748.0,31250.0,3204.0
2,4,250.0,312500.0,31250.0,23438.0,46875.0,11068.0,31250.0,7813.0,31250.0,6605.0,31250.0,3748.0,31250.0,3204.0
2,5,250.0,312500.0,31250.0,23438.0,46875.0,11068.0,31250.0,7813.0,31250.0,6605.0,31250.0,3748.0,31250.0,3204.0
2,6,250.0,312500.0,31250.0,23438.0,46875.0,11068.0,31250.0,7813.0,31250.0,6605.0,31250.0,3748.0,31250.0,3204.0
2,7,250.0,312500.0,31250.0,23438.0,46875.0,11068.0,31250.0,7813.0,31250.0,6605.0,31250.0,3748.0,31250.0,3204.0
2,8,250.0,312500.0,31250.0,23438.0,46875.0,11068.0,31250.0,7813.0,31250.0,6605.0,31250.0,3748.0,31250.0,3204.0
2,9,275.0,343750.0,34375.0,25781.0,51563.0,12174.0,34375.0,8594.0,34375.0,7266.0,34375.0,4123.0,34375.0,3524.0
2,10,275.0,343750.0,34375.0,25781.0,51563.0,12174.0,34375.0,8594.0,34375.0,7266.0,34375.0,4123.0,34375.0,3524.0
2,11,302.48,378100.0,37810.0,28358.0,56715.0,13391.0,37810.0,9453.0,37810.0,7992.0,37810.0,4535.0,37810.0,3876.0
2,12,331.41,414262.5,41426.0,31070.0,62139.0,14672.0,41426.0,10357.0,41426.0,8756.0,41426.0,4968.0,41426.0,4247.0
2,13,331.43,414287.5,41429.0,31072.0,62143.0,14673.0,41429.0,10357.0,41429.0,8757.0,41429.0,4969.0,41429.0,4247.0
2,14,302.48,378100.0,37810.0,28358.0,56715.0,13391.0,37810.0,9453.0,37810.0,7992.0,37810.0,4535.0,37810.0,3876.0
2,15,275.0,343750.0,34375.0,25781.0,51563.0,12174.0,34375.0,8594.0,34375.0,7266.0,34375.0,4123.0,34375.0,3524.0
2,16,275.0,343750.0,34375.0,25781.0,51563.0,12174.0,34375.0,8594.0,34375.0,7266.0,34375.0,4123.0,34375.0,3524.0
2,17,250.0,312500.0,31250.0,23438.0,46875.0,11068.0,31250.0,7813.0,31250.0,6605.0,31250.0,3748.0,31250.0,3204.0
2,18,250.0,312500.0,31250.0,23438.0,46875.0,11068.0,31250.0,7813.0,31250.0,6605.0,31250.0,3748.0,31250.0,3204.0
2,19,250.0,312500.0,31250.0,23438.0,46875.0,11068.0,31250.0,7813.0,31250.0,6605.0,31250.0,3748.0,31250.0,3204.0
2,20,250.0,312500.0,31250.0,23438.0,46875.0,11068.0,31250.0,7813.0,31250.0,6605.0,31250.0,3748.0,31250.0,3204.0
2,21,250.0,312500.0,31250.0,23438.0,46875.0,11068.0,31250.0,7813.0,31250.0,6605.0,31250.0,3748.0,31250.0,3204.0
2,22,250.0,312500.0,31250.0,23438.0,46875.0,11068.0,31250.0,7813.0,31250.0,6605.0,31250.0,3748.0,31250.0,3204.0
2,23,262.5,328125.0,32813.0,24609.0,49219.0,11621.0,32813.0,8203.0,32813.0,6935.0,32813.0,3935.0,32813.0,3364.0
2,24,311.24,389050.0,38905.0,29179.0,58358.0,13779.0,38905.0,9726.0,38905.0,8223.0,38905.0,4666.0,38905.0,3989.0
3,1,306.92,383650.0,38365.0,28774.0,57548.0,13588.0,38365.0,9591.0,38365.0,8109.0,38365.0,4601.0,38365.0,3933.0
3,2,269.87,337337.5,33734.0,25300.0,50601.0,11947.0,33734.0,8433.0,33734.0,7130.0,33734.0,4046.0,33734.0,3458.0
3,3,269.77,337212.5,33721.0,25291.0,50582.0,11943.0,33721.0,8430.0,33721.0,7128.0,33721.0,4044.0,33721.0,3457.0
3,4,269.77,337212.5,33721.0,25291.0,50582.0,11943.0,33721.0,8430.0,33721.0,7128.0,33721.0,4044.0,33721.0,3457.0
3,5,269.78,337225.0,33723.0,25292.0,50584.0,11943.0,33723.0,8431.0,33723.0,7128.0,33723.0,4045.0,33723.0,3457.0
3,6,269.8,337250.0,33725.0,25294.0,50588.0,11944.0,33725.0,8431.0,33725.0,7128.0,33725.0,4045.0,33725.0,3457.0
3,7,269.83,337287.5,33729.0,25297.0,50593.0,11946.0,33729.0,8432.0,33729.0,7129.0,33729.0,4045.0,33729.0,3458.0
3,8,269.86,337325.0,33733.0,25299.0,50599.0,11947.0,33733.0,8433.0,33733.0,7130.0,33733.0,4046.0,33733.0,3458.0
3,9,269.9,337375.0,33738.0,25303.0,50606.0,11949.0,33738.0,8434.0,33738.0,7131.0,33738.0,4046.0,33738.0,3459.0
3,10,269.95,337437.5,33744.0,25308.0,50616.0,11951.0,33744.0,8436.0,33744.0,7132.0,33744.0,4047.0,33744.0,3459.0
3,11,269.95,337437.5,33744.0,25308.0,50616.0,11951.0,33744.0,8436.0,33744.0,7132.0,33744.0,4047.0,33744.0,3459.0
3,12,269.89,337362.5,33736.0,25302.0,50604.0,11948.0,33736.0,8434.0,33736.0,7131.0,33736.0,4046.0,33736.0,3459.0
3,13,269.85,337312.5,33731.0,25298.0,50597.0,11946.0,33731.0,8433.0,33731.0,7130.0,33731.0,4046.0,33731.0,3458.0
3,14,269.79,337237.5,33724.0,25293.0,50586.0,11944.0,33724.0,8431.0,33724.0,7128.0,33724.0,4045.0,33724.0,3457.0
3,15,278.36,347950.0,34795.0,26096.0,52193.0,12323.0,34795.0,8699.0,34795.0,7354.0,34795.0,4173.0,34795.0,3567.0
3,16,278.89,348612.5,34861.0,26146.0,52292.0,12347.0,34861.0,8715.0,34861.0,7368.0,34861.0,4181.0,34861.0,3574.0
3,17,291.97,364962.5,36496.0,27372.0,54744.0,12926.0,36496.0,9124.0,36496.0,7714.0,36496.0,4377.0,36496.0,3742.0
3,18,342.21,427762.5,42776.0,32082.0,64164.0,15150.0,42776.0,10694.0,42776.0,9041.0,42776.0,5130.0,42776.0,4385.0
3,19,339.26,424075.0,42408.0,31806.0,63611.0,15019.0,42408.0,10602.0,42408.0,8963.0,42408.0,5086.0,42408.0,4348.0
3,20,297.52,371900.0,37190.0,27893.0,55785.0,13171.0,37190.0,9298.0,37190.0,7861.0,37190.0,4460.0,37190.0,3813.0
3,21,297.47,371837.5,37184.0,27888.0,55776.0,13169.0,37184.0,9296.0,37184.0,7859.0,37184.0,4460.0,37184.0,3812.0
3,22,270.32,337900.0,33790.0,25343.0,50685.0,11967.0,33790.0,8448.0,33790.0,7142.0,33790.0,4053.0,33790.0,3464.0
3,23,271.17,338962.5,33896.0,25422.0,50844.0,12005.0,33896.0,8474.0,33896.0,7164.0,33896.0,4065.0,33896.0,3475.0
3,24,269.35,336687.5,33669.0,25252.0,50503.0,11924.0,33669.0,8417.0,33669.0,7116.0,33669.0,4038.0,33669.0,3452.0
3,25,270.31,337887.5,33789.0,25342.0,50683.0,11967.0,33789.0,8447.0,33789.0,7142.0,33789.0,4052.0,33789.0,3464.0
3,26,270.35,337937.5,33794.0,25345.0,50691.0,11969.0,33794.0,8448.0,33794.0,7143.0,33794.0,4053.0,33794.0,3465.0
3,27,270.38,337975.0,33798.0,25348.0,50696.0,11970.0,33798.0,8449.0,33798.0,7144.0,33798.0,4053.0,33798.0,3465.0
3,28,270.41,338012.5,33801.0,25351.0,50702.0,11971.0,33801.0,8450.0,33801.0,7144.0,33801.0,4054.0,33801.0,3465.0
3,29,270.42,338025.0,33803.0,25352.0,50704.0,11972.0,33803.0,8451.0,33803.0,7145.0,33803.0,4054.0,33803.0,3465.0
3,30,270.43,338037.5,33804.0,25353.0,50706.0,11972.0,33804.0,8451.0,33804.0,7145.0,33804.0,4054.0,33804.0,3466.0
3,31,299.11,373887.5,37389.0,28042.0,56083.0,13242.0,37389.0,9347.0,37389.0,7903.0,37389.0,4484.0,37389.0,3833.0
3,32,317.68,397100.0,39710.0,29783.0,59565.0,14064.0,39710.0,9928.0,39710.0,8393.0,39710.0,4763.0,39710.0,4071.0
4,1,297.74,372175.0,37218.0,27913.0,55826.0,13181.0,37218.0,9304.0,37218.0,7866.0,37218.0,4464.0,37218.0,3816.0
4,2,273.0,341250.0,34125.0,25594.0,51188.0,12086.0,34125.0,8531.0,34125.0,7213.0,34125.0,4093.0,34125.0,3498.0
4,3,260.0,325000.0,32500.0,24375.0,48750.0,11510.0,32500.0,8125.0,32500.0,6869.0,32500.0,3898.0,32500.0,3332.0
4,4,260.0,325000.0,32500.0,24375.0,48750.0,11510.0,32500.0,8125.0,32500.0,6869.0,32500.0,3898.0,32500.0,3332.0
4,5,260.0,325000.0,32500.0,24375.0,48750.0,11510.0,32500.0,8125.0,32500.0,6869.0,32500.0,3898.0,32500.0,3332.0
4,6,260.0,325000.0,32500.0,24375.0,48750.0,11510.0,32500.0,8125.0,32500.0,6869.0,32500.0,3898.0,32500.0,3332.0
4,7,260.0,325000.0,32500.0,24375.0,48750.0,11510.0,32500.0,8125.0,32500.0,6869.0,32500.0,3898.0,32500.0,3332.0
4,8,260.0,325000.0,32500.0,24375.0,48750.0,11510.0,32500.0,8125.0,32500.0,6869.0,32500.0,3898.0,32500.0,3332.0
4,9,299.0,373750.0,37375.0,28031.0,56063.0,13237.0,37375.0,9344.0,37375.0,7900.0,37375.0,4483.0,37375.0,3832.0
4,10,312.0,390000.0,39000.0,29250.0,58500.0,13813.0,39000.0,9750.0,39000.0,8243.0,39000.0,4677.0,39000.0,3998.0
4,11,323.65,404562.5,40456.0,30342.0,60684.0,14328.0,40456.0,10114.0,40456.0,8551.0,40456.0,4852.0,40456.0,4148.0
4,12,326.25,407812.5,40781.0,30586.0,61172.0,14443.0,40781.0,10195.0,40781.0,8620.0,40781.0,4891.0,40781.0,4181.0
4,13,326.22,407775.0,40778.0,30583.0,61166.0,14442.0,40778.0,10194.0,40778.0,8619.0,40778.0,4891.0,40778.0,4181.0
4,14,323.65,404562.5,40456.0,30342.0,60684.0,14328.0,40456.0,10114.0,40456.0,8551.0,40456.0,4852.0,40456.0,4148.0
4,15,312.0,390000.0,39000.0,29250.0,58500.0,13813.0,39000.0,9750.0,39000.0,8243.0,39000.0,4677.0,39000.0,3998.0
4,16,299.0,373750.0,37375.0,28031.0,56063.0,13237.0,37375.0,9344.0,37375.0,7900.0,37375.0,4483.0,37375.0,3832.0
4,17,260.0,325000.0,32500.0,24375.0,48750.0,11510.0,32500.0,8125.0,32500.0,6869.0,32500.0,3898.0,32500.0,3332.0
4,18,260.0,325000.0,32500.0,24375.0,48750.0,11510.0,32500.0,8125.0,32500.0,6869.0,32500.0,3898.0,32500.0,3332.0
4,19,260.0,325000.0,32500.0,24375.0,48750.0,11510.0,32500.0,8125.0,32500.0,6869.0,32500.0,3898.0,32500.0,3332.0
4,20,260.0,325000.0,32500.0,24375.0,48750.0,11510.0,32500.0,8125.0,32500.0,6869.0,32500.0,3898.0,32500.0,3332.0
4,21,260.0,325000.0,32500.0,24375.0,48750.0,11510.0,32500.0,8125.0,32500.0,6869.0,32500.0,3898.0,32500.0,3332.0
4,22,260.0,325000.0,32500.0,24375.0,48750.0,11510.0,32500.0,8125.0,32500.0,6869.0,32500.0,3898.0,32500.0,3332.0
4,23,273.0,341250.0,34125.0,25594.0,51188.0,12086.0,34125.0,8531.0,34125.0,7213.0,34125.0,4093.0,34125.0,3498.0
4,24,297.74,372175.0,37218.0,27913.0,55826.0,13181.0,37218.0,9304.0,37218.0,7866.0,37218.0,4464.0,37218.0,3816.0
5,1,299.98,374975.0,37498.0,28123.0,56246.0,13280.0,37498.0,9374.0,37498.0,7926.0,37498.0,4497.0,37498.0,3844.0
5,2,267.92,334900.0,33490.0,25118.0,50235.0,11861.0,33490.0,8373.0,33490.0,7079.0,33490.0,4017.0,33490.0,3433.0
5,3,267.82,334775.0,33478.0,25108.0,50216.0,11857.0,33478.0,8369.0,33478.0,7076.0,33478.0,4015.0,33478.0,3432.0
5,4,267.85,334812.5,33481.0,25111.0,50222.0,11858.0,33481.0,8370.0,33481.0,7077.0,33481.0,4016.0,33481.0,3432.0
5,5,267.91,334887.5,33489.0,25117.0,50233.0,11861.0,33489.0,8372.0,33489.0,7078.0,33489.0,4016.0,33489.0,3433.0
5,6,267.98,334975.0,33498.0,25123.0,50246.0,11864.0,33498.0,8374.0,33498.0,7080.0,33498.0,4018.0,33498.0,3434.0
5,7,268.02,335025.0,33503.0,25127.0,50254.0,11865.0,33503.0,8376.0,33503.0,7081.0,33503.0,4018.0,33503.0,3435.0
5,8,267.97,334962.5,33496.0,25122.0,50244.0,11863.0,33496.0,8374.0,33496.0,7080.0,33496.0,4017.0,33496.0,3434.0
5,9,267.9,334875.0,33488.0,25116.0,50231.0,11860.0,33488.0,8372.0,33488.0,7078.0,33488.0,4016.0,33488.0,3433.0
5,10,267.82,334775.0,33478.0,25108.0,50216.0,11857.0,33478.0,8369.0,33478.0,7076.0,33478.0,4015.0,33478.0,3432.0
5,11,267.82,334775.0,33478.0,25108.0,50216.0,11857.0,33478.0,8369.0,33478.0,7076.0,33478.0,4015.0,33478.0,3432.0
5,12,274.13,342662.5,34266.0,25700.0,51399.0,12136.0,34266.0,8567.0,34266.0,7243.0,34266.0,4110.0,34266.0,3513.0
5,13,278.74,348425.0,34843.0,26132.0,52264.0,12340.0,34843.0,8711.0,34843.0,7364.0,34843.0,4179.0,34843.0,3572.0
5,14,296.88,371100.0,37110.0,27833.0,55665.0,13143.0,37110.0,9278.0,37110.0,7844.0,37110.0,4451.0,37110.0,3805.0
5,15,300.04,375050.0,37505.0,28129.0,56258.0,13283.0,37505.0,9376.0,37505.0,7927.0,37505.0,4498.0,37505.0,3845.0
5,16,304.07,380087.5,38009.0,28507.0,57013.0,13461.0,38009.0,9502.0,38009.0,8034.0,38009.0,4559.0,38009.0,3897.0
5,17,300.24,375300.0,37530.0,28148.0,56295.0,13292.0,37530.0,9383.0,37530.0,7933.0,37530.0,4501.0,37530.0,3848.0
5,18,300.3,375375.0,37538.0,28153.0,56306.0,13295.0,37538.0,9384.0,37538.0,7934.0,37538.0,4502.0,37538.0,3848.0
5,19,300.25,375312.5,37531.0,28148.0,56297.0,13292.0,37531.0,9383.0,37531.0,7933.0,37531.0,4501.0,37531.0,3848.0
5,20,272.8,341000.0,34100.0,25575.0,51150.0,12077.0,34100.0,8525.0,34100.0,7208.0,34100.0,4090.0,34100.0,3496.0
5,21,272.75,340937.5,34094.0,25570.0,51141.0,12075.0,34094.0,8523.0,34094.0,7206.0,34094.0,4089.0,34094.0,3495.0
5,22,272.79,340987.5,34099.0,25574.0,51148.0,12077.0,34099.0,8525.0,34099.0,7207.0,34099.0,4090.0,34099.0,3496.0
5,23,272.86,341075.0,34108.0,25581.0,51161.0,12080.0,34108.0,8527.0,34108.0,7209.0,34108.0,4091.0,34108.0,3497.0
5,24,272.91,341137.5,34114.0,25585.0,51171.0,12082.0,34114.0,8528.0,34114.0,7210.0,34114.0,4091.0,34114.0,3497.0
5,25,308.13,385162.5,38516.0,28887.0,57774.0,13641.0,38516.0,9629.0,38516.0,8141.0,38516.0,4619.0,38516.0,3949.0
5,26,316.64,395800.0,39580.0,29685.0,59370.0,14018.0,39580.0,9895.0,39580.0,8366.0,39580.0,4747.0,39580.0,4058.0
6,1,297.74,372175.0,37218.0,27913.0,55826.0,13181.0,37218.0,9304.0,37218.0,7866.0,37218.0,4464.0,37218.0,3816.0
6,2,273.0,341250.0,34125.0,25594.0,51188.0,12086.0,34125.0,8531.0,34125.0,7213.0,34125.0,4093.0,34125.0,3498.0
6,3,260.0,325000.0,32500.0,24375.0,48750.0,11510.0,32500.0,8125.0,32500.0,6869.0,32500.0,3898.0,32500.0,3332.0
6,4,260.0,325000.0,32500.0,24375.0,48750.0,11510.0,32500.0,8125.0,32500.0,6869.0,32500.0,3898.0,32500.0,3332.0
6,5,260.0,325000.0,32500.0,24375.0,48750.0,11510.0,32500.0,8125.0,32500.0,6869.0,32500.0,3898.0,32500.0,3332.0
6,6,260.0,325000.0,32500.0,24375.0,48750.0,11510.0,32500.0,8125.0,32500.0,6869.0,32500.0,3898.0,32500.0,3332.0
6,7,260.0,325000.0,32500.0,24375.0,48750.0,11510.0,32500.0,8125.0,32500.0,6869.0,32500.0,3898.0,32500.0,3332.0
6,8,260.0,325000.0,32500.0,24375.0,48750.0,11510.0,32500.0,8125.0,32500.0,6869.0,32500.0,3898.0,32500.0,3332.0
6,9,299.0,373750.0,37375.0,28031.0,56063.0,13237.0,37375.0,9344.0,37375.0,7900.0,37375.0,4483.0,37375.0,3832.0
6,10,312.0,390000.0,39000.0,29250.0,58500.0,13813.0,39000.0,9750.0,39000.0,8243.0,39000.0,4677.0,39000.0,3998.0
6,11,323.65,404562.5,40456.0,30342.0,60684.0,14328.0,40456.0,10114.0,40456.0,8551.0,40456.0,4852.0,40456.0,4148.0
6,12,326.13,407662.5,40766.0,30575.0,61149.0,14438.0,40766.0,10192.0,40766.0,8617.0,40766.0,4889.0,40766.0,4179.0
6,13,326.11,407637.5,40764.0,30573.0,61146.0,14437.0,40764.0,10191.0,40764.0,8616.0,40764.0,4889.0,40764.0,4179.0
6,14,323.65,404562.5,40456.0,30342.0,60684.0,14328.0,40456.0,10114.0,40456.0,8551.0,40456.0,4852.0,40456.0,4148.0
6,15,312.0,390000.0,39000.0,29250.0,58500.0,13813.0,39000.0,9750.0,39000.0,8243.0,39000.0,4677.0,39000.0,3998.0
6,16,299.0,373750.0,37375.0,28031.0,56063.0,13237.0,37375.0,9344.0,37375.0,7900.0,37375.0,4483.0,37375.0,3832.0
6,17,260.0,325000.0,32500.0,24375.0,48750.0,11510.0,32500.0,8125.0,32500.0,6869.0,32500.0,3898.0,32500.0,3332.0
6,18,260.0,325000.0,32500.0,24375.0,48750.0,11510.0,32500.0,8125.0,32500.0,6869.0,32500.0,3898.0,32500.0,3332.0
6,19,260.0,325000.0,32500.0,24375.0,48750.0,11510.0,32500.0,8125.0,32500.0,6869.0,32500.0,3898.0,32500.0,3332.0
6,20,260.0,325000.0,32500.0,24375.0,48750.0,11510.0,32500.0,8125.0,32500.0,6869.0,32500.0,3898.0,32500.0,3332.0
6,21,260.0,325000.0,32500.0,24375.0,48750.0,11510.0,32500.0,8125.0,32500.0,6869.0,32500.0,3898.0,32500.0,3332.0
6,22,260.0,325000.0,32500.0,24375.0,48750.0,11510.0,32500.0,8125.0,32500.0,6869.0,32500.0,3898.0,32500.0,3332.0
6,23,273.0,341250.0,34125.0,25594.0,51188.0,12086.0,34125.0,8531.0,34125.0,7213.0,34125.0,4093.0,34125.0,3498.0
6,24,297.74,372175.0,37218.0,27913.0,55826.0,13181.0,37218.0,9304.0,37218.0,7866.0,37218.0,4464.0,37218.0,3816.0
7,1,293.88,367350.0,36735.0,27551.0,55103.0,13010.0,36735.0,9184.0,36735.0,7765.0,36735.0,4406.0,36735.0,3766.0
7,2,264.96,331200.0,33120.0,24840.0,49680.0,11730.0,33120.0,8280.0,33120.0,7000.0,33120.0,3972.0,33120.0,3395.0
7,3,264.97,331212.5,33121.0,24841.0,49682.0,11730.0,33121.0,8280.0,33121.0,7001.0,33121.0,3972.0,33121.0,3396.0
7,4,265.11,331387.5,33139.0,24854.0,49708.0,11737.0,33139.0,8285.0,33139.0,7004.0,33139.0,3974.0,33139.0,3397.0
7,5,265.11,331387.5,33139.0,24854.0,49708.0,11737.0,33139.0,8285.0,33139.0,7004.0,33139.0,3974.0,33139.0,3397.0
7,6,264.97,331212.5,33121.0,24841.0,49682.0,11730.0,33121.0,8280.0,33121.0,7001.0,33121.0,3972.0,33121.0,3396.0
7,7,264.89,331112.5,33111.0,24833.0,49667.0,11727.0,33111.0,8278.0,33111.0,6999.0,33111.0,3971.0,33111.0,3395.0
7,8,264.86,331075.0,33108.0,24831.0,49661.0,11726.0,33108.0,8277.0,33108.0,6998.0,33108.0,3971.0,33108.0,3394.0
7,9,271.08,338850.0,33885.0,25414.0,50828.0,12001.0,33885.0,8471.0,33885.0,7162.0,33885.0,4064.0,33885.0,3474.0
7,10,281.55,351937.5,35194.0,26395.0,52791.0,12464.0,35194.0,8798.0,35194.0,7439.0,35194.0,4221.0,35194.0,3608.0
7,11,290.75,363437.5,36344.0,27258.0,54516.0,12872.0,36344.0,9086.0,36344.0,7682.0,36344.0,4359.0,36344.0,3726.0
7,12,310.65,388312.5,38831.0,29123.0,58247.0,13753.0,38831.0,9708.0,38831.0,8208.0,38831.0,4657.0,38831.0,3981.0
7,13,315.6,394500.0,39450.0,29588.0,59175.0,13972.0,39450.0,9863.0,39450.0,8338.0,39450.0,4731.0,39450.0,4044.0
7,14,290.92,363650.0,36365.0,27274.0,54548.0,12879.0,36365.0,9091.0,36365.0,7686.0,36365.0,4361.0,36365.0,3728.0
7,15,277.02,346275.0,34628.0,25971.0,51941.0,12264.0,34628.0,8657.0,34628.0,7319.0,34628.0,4153.0,34628.0,3550.0
7,16,276.95,346187.5,34619.0,25964.0,51928.0,12261.0,34619.0,8655.0,34619.0,7317.0,34619.0,4152.0,34619.0,3549.0
7,17,276.83,346037.5,34604.0,25953.0,51906.0,12255.0,34604.0,8651.0,34604.0,7314.0,34604.0,4150.0,34604.0,3548.0
7,18,276.83,346037.5,34604.0,25953.0,51906.0,12255.0,34604.0,8651.0,34604.0,7314.0,34604.0,4150.0,34604.0,3548.0
7,19,310.95,388687.5,38869.0,29152.0,58303.0,13766.0,38869.0,9717.0,38869.0,8216.0,38869.0,4662.0,38869.0,3985.0
7,20,326.85,408562.5,40856.0,30642.0,61284.0,14470.0,40856.0,10214.0,40856.0,8636.0,40856.0,4900.0,40856.0,4189.0
8,1,297.74,372175.0,37218.0,27913.0,55826.0,13181.0,37218.0,9304.0,37218.0,7866.0,37218.0,4464.0,37218.0,3816.0
8,2,273.0,341250.0,34125.0,25594.0,51188.0,12086.0,34125.0,8531.0,34125.0,7213.0,34125.0,4093.0,34125.0,3498.0
8,3,260.0,325000.0,32500.0,24375.0,48750.0,11510.0,32500.0,8125.0,32500.0,6869.0,32500.0,3898.0,32500.0,3332.0
8,4,260.0,325000.0,32500.0,24375.0,48750.0,11510.0,32500.0,8125.0,32500.0,6869.0,32500.0,3898.0,32500.0,3332.0
8,5,260.0,325000.0,32500.0,24375.0,48750.0,11510.0,32500.0,8125.0,32500.0,6869.0,32500.0,3898.0,32500.0,3332.0
8,6,260.0,325000.0,32500.0,24375.0,48750.0,11510.0,32500.0,8125.0,32500.0,6869.0,32500.0,3898.0,32500.0,3332.0
8,7,260.0,325000.0,32500.0,24375.0,48750.0,11510.0,32500.0,8125.0,32500.0,6869.0,32500.0,3898.0,32500.0,3332.0
8,8,260.0,325000.0,32500.0,24375.0,48750.0,11510.0,32500.0,8125.0,32500.0,6869.0,32500.0,3898.0,32500.0,3332.0
8,9,299.0,373750.0,37375.0,28031.0,56063.0,13237.0,37375.0,9344.0,37375.0,7900.0,37375.0,4483.0,37375.0,3832.0
8,10,312.0,390000.0,39000.0,29250.0,58500.0,13813.0,39000.0,9750.0,39000.0,8243.0,39000.0,4677.0,39000.0,3998.0
8,11,323.65,404562.5,40456.0,30342.0,60684.0,14328.0,40456.0,10114.0,40456.0,8551.0,40456.0,4852.0,40456.0,4148.0
8,12,326.04,407550.0,40755.0,30566.0,61133.0,14434.0,40755.0,10189.0,40755.0,8614.0,40755.0,4888.0,40755.0,4178.0
8,13,326.09,407612.5,40761.0,30571.0,61142.0,14436.0,40761.0,10190.0,40761.0,8616.0,40761.0,4889.0,40761.0,4179.0
8,14,323.53,404412.5,40441.0,30331.0,60662.0,14323.0,40441.0,10110.0,40441.0,8548.0,40441.0,4850.0,40441.0,4146.0
8,15,312.0,390000.0,39000.0,29250.0,58500.0,13813.0,39000.0,9750.0,39000.0,8243.0,39000.0,4677.0,39000.0,3998.0
8,16,299.0,373750.0,37375.0,28031.0,56063.0,13237.0,37375.0,9344.0,37375.0,7900.0,37375.0,4483.0,37375.0,3832.0
8,17,260.0,325000.0,32500.0,24375.0,48750.0,11510.0,32500.0,8125.0,32500.0,6869.0,32500.0,3898.0,32500.0,3332.0
8,18,260.0,325000.0,32500.0,24375.0,48750.0,11510.0,32500.0,8125.0,32500.0,6869.0,32500.0,3898.0,32500.0,3332.0
8,19,260.0,325000.0,32500.0,24375.0,48750.0,11510.0,32500.0,8125.0,32500.0,6869.0,32500.0,3898.0,32500.0,3332.0
8,20,260.0,325000.0,32500.0,24375.0,48750.0,11510.0,32500.0,8125.0,32500.0,6869.0,32500.0,3898.0,32500.0,3332.0
8,21,260.0,325000.0,32500.0,24375.0,48750.0,11510.0,32500.0,8125.0,32500.0,6869.0,32500.0,3898.0,32500.0,3332.0
8,22,260.0,325000.0,32500.0,24375.0,48750.0,11510.0,32500.0,8125.0,32500.0,6869.0,32500.0,3898.0,32500.0,3332.0
8,23,273.0,341250.0,34125.0,25594.0,51188.0,12086.0,34125.0,8531.0,34125.0,7213.0,34125.0,4093.0,34125.0,3498.0
8,24,297.74,372175.0,37218.0,27913.0,55826.0,13181.0,37218.0,9304.0,37218.0,7866.0,37218.0,4464.0,37218.0,3816.0
9,1,334.21,417762.5,41776.0,31332.0,62664.0,14796.0,41776.0,10444.0,41776.0,8830.0,41776.0,5010.0,41776.0,4283.0
9,2,321.35,401687.5,40169.0,30127.0,60253.0,14226.0,40169.0,10042.0,40169.0,8490.0,40169.0,4818.0,40169.0,4118.0
9,3,308.54,385675.0,38568.0,28926.0,57851.0,13659.0,38568.0,9642.0,38568.0,8152.0,38568.0,4626.0,38568.0,3954.0
9,4,300.0,375000.0,37500.0,28125.0,56250.0,13281.0,37500.0,9375.0,37500.0,7926.0,37500.0,4498.0,37500.0,3845.0
9,5,250.0,312500.0,31250.0,23438.0,46875.0,11068.0,31250.0,7813.0,31250.0,6605.0,31250.0,3748.0,31250.0,3204.0
9,6,250.0,312500.0,31250.0,23438.0,46875.0,11068.0,31250.0,7813.0,31250.0,6605.0,31250.0,3748.0,31250.0,3204.0
9,7,250.0,312500.0,31250.0,23438.0,46875.0,11068.0,31250.0,7813.0,31250.0,6605.0,31250.0,3748.0,31250.0,3204.0
9,8,250.0,312500.0,31250.0,23438.0,46875.0,11068.0,31250.0,7813.0,31250.0,6605.0,31250.0,3748.0,31250.0,3204.0
9,9,250.0,312500.0,31250.0,23438.0,46875.0,11068.0,31250.0,7813.0,31250.0,6605.0,31250.0,3748.0,31250.0,3204.0
9,10,250.0,312500.0,31250.0,23438.0,46875.0,11068.0,31250.0,7813.0,31250.0,6605.0,31250.0,3748.0,31250.0,3204.0
9,11,250.0,312500.0,31250.0,23438.0,46875.0,11068.0,31250.0,7813.0,31250.0,6605.0,31250.0,3748.0,31250.0,3204.0
9,12,250.0,312500.0,31250.0,23438.0,46875.0,11068.0,31250.0,7813.0,31250.0,6605.0,31250.0,3748.0,31250.0,3204.0
9,13,281.52,351900.0,35190.0,26393.0,52785.0,12463.0,35190.0,8798.0,35190.0,7438.0,35190.0,4221.0,35190.0,3608.0
9,14,256.31,320387.5,32039.0,24029.0,48058.0,11347.0,32039.0,8010.0,32039.0,6772.0,32039.0,3843.0,32039.0,3285.0
9,15,256.31,320387.5,32039.0,24029.0,48058.0,11347.0,32039.0,8010.0,32039.0,6772.0,32039.0,3843.0,32039.0,3285.0
9,16,256.31,320387.5,32039.0,24029.0,48058.0,11347.0,32039.0,8010.0,32039.0,6772.0,32039.0,3843.0,32039.0,3285.0
9,17,256.31,320387.5,32039.0,24029.0,48058.0,11347.0,32039.0,8010.0,32039.0,6772.0,32039.0,3843.0,32039.0,3285.0
9,18,256.31,320387.5,32039.0,24029.0,48058.0,11347.0,32039.0,8010.0,32039.0,6772.0,32039.0,3843.0,32039.0,3285.0
9,19,256.31,320387.5,32039.0,24029.0,48058.0,11347.0,32039.0,8010.0,32039.0,6772.0,32039.0,3843.0,32039.0,3285.0
9,20,256.31,320387.5,32039.0,24029.0,48058.0,11347.0,32039.0,8010.0,32039.0,6772.0,32039.0,3843.0,32039.0,3285.0
9,21,260.65,325812.5,32581.0,24436.0,48872.0,11539.0,32581.0,8145.0,32581.0,6887.0,32581.0,3908.0,32581.0,3340.0
9,22,278.08,347600.0,34760.0,26070.0,52140.0,12311.0,34760.0,8690.0,34760.0,7347.0,34760.0,4169.0,34760.0,3564.0
10,1,290.09,362612.5,36261.0,27196.0,54392.0,12843.0,36261.0,9065.0,36261.0,7664.0,36261.0,4349.0,36261.0,3718.0
10,2,259.88,324850.0,32485.0,24364.0,48728.0,11505.0,32485.0,8121.0,32485.0,6866.0,32485.0,3896.0,32485.0,3330.0
10,3,261.99,327487.5,32749.0,24562.0,49123.0,11599.0,32749.0,8187.0,32749.0,6922.0,32749.0,3928.0,32749.0,3357.0
10,4,270.27,337837.5,33784.0,25338.0,50676.0,11965.0,33784.0,8446.0,33784.0,7141.0,33784.0,4052.0,33784.0,3464.0
10,5,258.15,322687.5,32269.0,24202.0,48403.0,11429.0,32269.0,8067.0,32269.0,6820.0,32269.0,3870.0,32269.0,3308.0
10,6,251.53,314412.5,31441.0,23581.0,47162.0,11135.0,31441.0,7860.0,31441.0,6646.0,31441.0,3771.0,31441.0,3223.0
10,7,265.73,332162.5,33216.0,24912.0,49824.0,11764.0,33216.0,8304.0,33216.0,7021.0,33216.0,3984.0,33216.0,3405.0
10,8,256.2,320250.0,32025.0,24019.0,48038.0,11342.0,32025.0,8006.0,32025.0,6769.0,32025.0,3841.0,32025.0,3283.0
10,9,261.1,326375.0,32638.0,24478.0,48956.0,11559.0,32638.0,8159.0,32638.0,6898.0,32638.0,3914.0,32638.0,3346.0
10,10,277.25,346562.5,34656.0,25992.0,51984.0,12274.0,34656.0,8664.0,34656.0,7325.0,34656.0,4156.0,34656.0,3553.0
10,11,289.35,361687.5,36169.0,27127.0,54253.0,12810.0,36169.0,9042.0,36169.0,7645.0,36169.0,4338.0,36169.0,3708.0
10,12,301.88,377350.0,37735.0,28301.0,56603.0,13364.0,37735.0,9434.0,37735.0,7976.0,37735.0,4526.0,37735.0,3869.0
10,13,300.13,375162.5,37516.0,28137.0,56274.0,13287.0,37516.0,9379.0,37516.0,7930.0,37516.0,4500.0,37516.0,3846.0
10,14,342.23,427787.5,42779.0,32084.0,64168.0,15151.0,42779.0,10695.0,42779.0,9042.0,42779.0,5131.0,42779.0,4386.0
11,1,324.08,405100.0,40510.0,30383.0,60765.0,14347.0,40510.0,10128.0,40510.0,8562.0,40510.0,4859.0,40510.0,4153.0
11,2,305.62,382025.0,38203.0,28652.0,57304.0,13530.0,38203.0,9551.0,38203.0,8075.0,38203.0,4582.0,38203.0,3917.0
11,3,285.63,357037.5,35704.0,26778.0,53556.0,12645.0,35704.0,8926.0,35704.0,7547.0,35704.0,4282.0,35704.0,3660.0
11,4,284.49,355612.5,35561.0,26671.0,53342.0,12595.0,35561.0,8890.0,35561.0,7516.0,35561.0,4265.0,35561.0,3646.0
11,5,280.23,350287.5,35029.0,26272.0,52543.0,12406.0,35029.0,8757.0,35029.0,7404.0,35029.0,4201.0,35029.0,3591.0
11,6,274.86,343575.0,34358.0,25768.0,51536.0,12168.0,34358.0,8589.0,34358.0,7262.0,34358.0,4121.0,34358.0,3522.0
11,7,271.02,338775.0,33878.0,25408.0,50816.0,11998.0,33878.0,8469.0,33878.0,7161.0,33878.0,4063.0,33878.0,3473.0
11,8,258.75,323437.5,32344.0,24258.0,48516.0,11455.0,32344.0,8086.0,32344.0,6836.0,32344.0,3879.0,32344.0,3316.0
11,9,257.2,321500.0,32150.0,24113.0,48225.0,11386.0,32150.0,8038.0,32150.0,6795.0,32150.0,3856.0,32150.0,3296.0
11,10,280.48,350600.0,35060.0,26295.0,52590.0,12417.0,35060.0,8765.0,35060.0,7410.0,35060.0,4205.0,35060.0,3594.0
12,1,298.36,372950.0,37295.0,27971.0,55943.0,13209.0,37295.0,9324.0,37295.0,7883.0,37295.0,4473.0,37295.0,3823.0
12,2,279.45,349312.5,34931.0,26198.0,52397.0,12371.0,34931.0,8733.0,34931.0,7383.0,34931.0,4189.0,34931.0,3581.0
12,3,279.62,349525.0,34953.0,26214.0,52429.0,12379.0,34953.0,8738.0,34953.0,7388.0,34953.0,4192.0,34953.0,3583.0
12,4,279.62,349525.0,34953.0,26214.0,52429.0,12379.0,34953.0,8738.0,34953.0,7388.0,34953.0,4192.0,34953.0,3583.0
12,5,278.73,348412.5,34841.0,26131.0,52262.0,12340.0,34841.0,8710.0,34841.0,7364.0,34841.0,4179.0,34841.0,3572.0
12,6,266.87,333587.5,33359.0,25019.0,50038.0,11815.0,33359.0,8340.0,33359.0,7051.0,33359.0,4001.0,33359.0,3420.0
12,7,266.26,332825.0,33283.0,24962.0,49924.0,11788.0,33283.0,8321.0,33283.0,7035.0,33283.0,3992.0,33283.0,3412.0
12,8,266.31,332887.5,33289.0,24967.0,49933.0,11790.0,33289.0,8322.0,33289.0,7036.0,33289.0,3992.0,33289.0,3413.0
12,9,266.26,332825.0,33283.0,24962.0,49924.0,11788.0,33283.0,8321.0,33283.0,7035.0,33283.0,3992.0,33283.0,3412.0
12,10,259.4,324250.0,32425.0,24319.0,48638.0,11484.0,32425.0,8106.0,32425.0,6854.0,32425.0,3889.0,32425.0,3324.0
12,11,261.14,326425.0,32643.0,24482.0,48964.0,11561.0,32643.0,8161.0,32643.0,6899.0,32643.0,3915.0,32643.0,3347.0
12,12,262.55,328187.5,32819.0,24614.0,49228.0,11623.0,32819.0,8205.0,32819.0,6937.0,32819.0,3936.0,32819.0,3365.0
12,13,261.85,327312.5,32731.0,24548.0,49097.0,11592.0,32731.0,8183.0,32731.0,6918.0,32731.0,3926.0,32731.0,3356.0
12,14,261.85,327312.5,32731.0,24548.0,49097.0,11592.0,32731.0,8183.0,32731.0,6918.0,32731.0,3926.0,32731.0,3356.0
12,15,294.81,368512.5,36851.0,27638.0,55277.0,13051.0,36851.0,9213.0,36851.0,7789.0,36851.0,4420.0,36851.0,3778.0
12,16,301.16,376450.0,37645.0,28234.0,56468.0,13333.0,37645.0,9411.0,37645.0,7957.0,37645.0,4515.0,37645.0,3859.0
12,17,346.61,433262.5,43326.0,32495.0,64989.0,15345.0,43326.0,10832.0,43326.0,9158.0,43326.0,5196.0,43326.0,4442.0
12,18,272.0,340000.0,34000.0,25500.0,51000.0,12042.0,34000.0,8500.0,34000.0,7186.0,34000.0,4078.0,34000.0,3486.0
12,19,250.62,313275.0,31328.0,23496.0,46991.0,11095.0,31328.0,7832.0,31328.0,6622.0,31328.0,3757.0,31328.0,3212.0
12,20,250.63,313287.5,31329.0,23497.0,46993.0,11096.0,31329.0,7832.0,31329.0,6622.0,31329.0,3757.0,31329.0,3212.0
12,21,250.64,313300.0,31330.0,23498.0,46995.0,11096.0,31330.0,7833.0,31330.0,6622.0,31330.0,3758.0,31330.0,3212.0
12,22,250.63,313287.5,31329.0,23497.0,46993.0,11096.0,31329.0,7832.0,31329.0,6622.0,31329.0,3757.0,31329.0,3212.0
12,23,250.05,312562.5,31256.0,23442.0,46884.0,11070.0,31256.0,7814.0,31256.0,6606.0,31256.0,3749.0,31256.0,3204.0
12,24,251.2,314000.0,31400.0,23550.0,47100.0,11121.0,31400.0,7850.0,31400.0,6637.0,31400.0,3766.0,31400.0,3219.0
12,25,250.63,313287.5,31329.0,23497.0,46993.0,11096.0,31329.0,7832.0,31329.0,6622.0,31329.0,3757.0,31329.0,3212.0
12,26,250.63,313287.5,31329.0,23497.0,46993.0,11096.0,31329.0,7832.0,31329.0,6622.0,31329.0,3757.0,31329.0,3212.0
12,27,256.0,320000.0,32000.0,24000.0,48000.0,11333.0,32000.0,8000.0,32000.0,6764.0,32000.0,3838.0,32000.0,3281.0
12,28,250.2,312750.0,31275.0,23456.0,46913.0,11077.0,31275.0,7819.0,31275.0,6610.0,31275.0,3751.0,31275.0,3206.0
12,29,250.12,312650.0,31265.0,23449.0,46898.0,11073.0,31265.0,7816.0,31265.0,6608.0,31265.0,3750.0,31265.0,3205.0
12,30,250.1,312625.0,31263.0,23447.0,46894.0,11072.0,31263.0,7816.0,31263.0,6608.0,31263.0,3749.0,31263.0,3205.0
12,31,250.18,312725.0,31273.0,23454.0,46909.0,11076.0,31273.0,7818.0,31273.0,6610.0,31273.0,3751.0,31273.0,3206.0
12,32,250.33,312912.5,31291.0,23468.0,46937.0,11082.0,31291.0,7823.0,31291.0,6614.0,31291.0,3753.0,31291.0,3208.0
12,33,250.34,312925.0,31293.0,23469.0,46939.0,11083.0,31293.0,7823.0,31293.0,6614.0,31293.0,3753.0,31293.0,3208.0
12,34,250.16,312700.0,31270.0,23453.0,46905.0,11075.0,31270.0,7818.0,31270.0,6609.0,31270.0,3750.0,31270.0,3206.0
12,35,250.09,312612.5,31261.0,23446.0,46892.0,11072.0,31261.0,7815.0,31261.0,6608.0,31261.0,3749.0,31261.0,3205.0
12,36,250.16,312700.0,31270.0,23453.0,46905.0,11075.0,31270.0,7818.0,31270.0,6609.0,31270.0,3750.0,31270.0,3206.0
12,37,253.09,316362.5,31636.0,23727.0,47454.0,11205.0,31636.0,7909.0,31636.0,6687.0,31636.0,3794.0,31636.0,3243.0
12,38,274.23,342787.5,34279.0,25709.0,51418.0,12140.0,34279.0,8570.0,34279.0,7245.0,34279.0,4111.0,34279.0,3514.0
13,1,301.43,376787.5,37679.0,28259.0,56518.0,13345.0,37679.0,9420.0,37679.0,7964.0,37679.0,4519.0,37679.0,3863.0
13,2,270.2,337750.0,33775.0,25331.0,50663.0,11962.0,33775.0,8444.0,33775.0,7139.0,33775.0,4051.0,33775.0,3463.0
13,3,256.01,320012.5,32001.0,24001.0,48002.0,11334.0,32001.0,8000.0,32001.0,6764.0,32001.0,3838.0,32001.0,3281.0
13,4,256.0,320000.0,32000.0,24000.0,48000.0,11333.0,32000.0,8000.0,32000.0,6764.0,32000.0,3838.0,32000.0,3281.0
13,5,255.98,319975.0,31998.0,23998.0,47996.0,11332.0,31998.0,7999.0,31998.0,6763.0,31998.0,3838.0,31998.0,3280.0
13,6,255.97,319962.5,31996.0,23997.0,47994.0,11332.0,31996.0,7999.0,31996.0,6763.0,31996.0,3837.0,31996.0,3280.0
13,7,255.95,319937.5,31994.0,23995.0,47991.0,11331.0,31994.0,7998.0,31994.0,6762.0,31994.0,3837.0,31994.0,3280.0
13,8,255.48,319350.0,31935.0,23951.0,47903.0,11310.0,31935.0,7984.0,31935.0,6750.0,31935.0,3830.0,31935.0,3274.0
13,9,256.36,320450.0,32045.0,24034.0,48068.0,11349.0,32045.0,8011.0,32045.0,6773.0,32045.0,3843.0,32045.0,3285.0
13,10,255.95,319937.5,31994.0,23995.0,47991.0,11331.0,31994.0,7998.0,31994.0,6762.0,31994.0,3837.0,31994.0,3280.0
13,11,255.97,319962.5,31996.0,23997.0,47994.0,11332.0,31996.0,7999.0,31996.0,6763.0,31996.0,3837.0,31996.0,3280.0
13,12,255.99,319987.5,31999.0,23999.0,47998.0,11333.0,31999.0,8000.0,31999.0,6763.0,31999.0,3838.0,31999.0,3281.0
13,13,256.0,320000.0,32000.0,24000.0,48000.0,11333.0,32000.0,8000.0,32000.0,6764.0,32000.0,3838.0,32000.0,3281.0
13,14,256.01,320012.5,32001.0,24001.0,48002.0,11334.0,32001.0,8000.0,32001.0,6764.0,32001.0,3838.0,32001.0,3281.0
13,15,256.0,320000.0,32000.0,24000.0,48000.0,11333.0,32000.0,8000.0,32000.0,6764.0,32000.0,3838.0,32000.0,3281.0
13,16,302.44,378050.0,37805.0,28354.0,56708.0,13389.0,37805.0,9451.0,37805.0,7991.0,37805.0,4534.0,37805.0,3876.0
13,17,290.98,363725.0,36373.0,27279.0,54559.0,12882.0,36373.0,9093.0,36373.0,7688.0,36373.0,4362.0,36373.0,3729.0
13,18,261.23,326537.5,32654.0,24490.0,48981.0,11565.0,32654.0,8163.0,32654.0,6902.0,32654.0,3916.0,32654.0,3348.0
13,19,253.06,316325.0,31633.0,23724.0,47449.0,11203.0,31633.0,7908.0,31633.0,6686.0,31633.0,3794.0,31633.0,3243.0
13,20,253.07,316337.5,31634.0,23725.0,47451.0,11204.0,31634.0,7908.0,31634.0,6686.0,31634.0,3794.0,31634.0,3243.0
13,21,253.08,316350.0,31635.0,23726.0,47453.0,11204.0,31635.0,7909.0,31635.0,6687.0,31635.0,3794.0,31635.0,3243.0
13,22,253.1,316375.0,31638.0,23728.0,47456.0,11205.0,31638.0,7909.0,31638.0,6687.0,31638.0,3794.0,31638.0,3243.0
13,23,253.12,316400.0,31640.0,23730.0,47460.0,11206.0,31640.0,7910.0,31640.0,6688.0,31640.0,3795.0,31640.0,3244.0
13,24,253.15,316437.5,31644.0,23733.0,47466.0,11207.0,31644.0,7911.0,31644.0,6688.0,31644.0,3795.0,31644.0,3244.0
13,25,253.15,316437.5,31644.0,23733.0,47466.0,11207.0,31644.0,7911.0,31644.0,6688.0,31644.0,3795.0,31644.0,3244.0
13,26,253.12,316400.0,31640.0,23730.0,47460.0,11206.0,31640.0,7910.0,31640.0,6688.0,31640.0,3795.0,31640.0,3244.0
13,27,253.1,316375.0,31638.0,23728.0,47456.0,11205.0,31638.0,7909.0,31638.0,6687.0,31638.0,3794.0,31638.0,3243.0
13,28,253.08,316350.0,31635.0,23726.0,47453.0,11204.0,31635.0,7909.0,31635.0,6687.0,31635.0,3794.0,31635.0,3243.0
13,29,253.07,316337.5,31634.0,23725.0,47451.0,11204.0,31634.0,7908.0,31634.0,6686.0,31634.0,3794.0,31634.0,3243.0
13,30,253.06,316325.0,31633.0,23724.0,47449.0,11203.0,31633.0,7908.0,31633.0,6686.0,31633.0,3794.0,31633.0,3243.0
13,31,253.05,316312.5,31631.0,23723.0,47447.0,11203.0,31631.0,7908.0,31631.0,6686.0,31631.0,3794.0,31631.0,3243.0
13,32,253.04,316300.0,31630.0,23723.0,47445.0,11202.0,31630.0,7908.0,31630.0,6685.0,31630.0,3794.0,31630.0,3243.0
13,33,299.44,374300.0,37430.0,28073.0,56145.0,13256.0,37430.0,9358.0,37430.0,7911.0,37430.0,4489.0,37430.0,3837.0
14,1,289.38,361725.0,36173.0,27129.0,54259.0,12811.0,36173.0,9043.0,36173.0,7646.0,36173.0,4338.0,36173.0,3708.0
14,2,286.51,358137.5,35814.0,26860.0,53721.0,12684.0,35814.0,8953.0,35814.0,7570.0,35814.0,4295.0,35814.0,3672.0
14,3,271.71,339637.5,33964.0,25473.0,50946.0,12029.0,33964.0,8491.0,33964.0,7179.0,33964.0,4073.0,33964.0,3482.0
14,4,273.73,342162.5,34216.0,25662.0,51324.0,12118.0,34216.0,8554.0,34216.0,7232.0,34216.0,4104.0,34216.0,3508.0
14,5,274.58,343225.0,34323.0,25742.0,51484.0,12156.0,34323.0,8581.0,34323.0,7255.0,34323.0,4116.0,34323.0,3519.0
14,6,274.29,342862.5,34286.0,25715.0,51429.0,12143.0,34286.0,8572.0,34286.0,7247.0,34286.0,4112.0,34286.0,3515.0
14,7,272.78,340975.0,34098.0,25573.0,51146.0,12076.0,34098.0,8524.0,34098.0,7207.0,34098.0,4089.0,34098.0,3496.0
14,8,270.1,337625.0,33763.0,25322.0,50644.0,11958.0,33763.0,8441.0,33763.0,7136.0,33763.0,4049.0,33763.0,3461.0
14,9,266.21,332762.5,33276.0,24957.0,49914.0,11785.0,33276.0,8319.0,33276.0,7033.0,33276.0,3991.0,33276.0,3411.0
14,10,261.14,326425.0,32643.0,24482.0,48964.0,11561.0,32643.0,8161.0,32643.0,6899.0,32643.0,3915.0,32643.0,3347.0
14,11,267.44,334300.0,33430.0,25073.0,50145.0,11840.0,33430.0,8358.0,33430.0,7066.0,33430.0,4009.0,33430.0,3427.0
14,12,259.19,323987.5,32399.0,24299.0,48598.0,11475.0,32399.0,8100.0,32399.0,6848.0,32399.0,3886.0,32399.0,3322.0
14,13,261.25,326562.5,32656.0,24492.0,48984.0,11566.0,32656.0,8164.0,32656.0,6902.0,32656.0,3917.0,32656.0,3348.0
14,14,260.3,325375.0,32538.0,24403.0,48806.0,11524.0,32538.0,8134.0,32538.0,6877.0,32538.0,3902.0,32538.0,3336.0
14,15,265.35,331687.5,33169.0,24877.0,49753.0,11747.0,33169.0,8292.0,33169.0,7011.0,33169.0,3978.0,33169.0,3400.0
14,16,264.86,331075.0,33108.0,24831.0,49661.0,11726.0,33108.0,8277.0,33108.0,6998.0,33108.0,3971.0,33108.0,3394.0
14,17,259.47,324337.5,32434.0,24325.0,48651.0,11487.0,32434.0,8108.0,32434.0,6855.0,32434.0,3890.0,32434.0,3325.0
14,18,261.61,327012.5,32701.0,24526.0,49052.0,11582.0,32701.0,8175.0,32701.0,6912.0,32701.0,3922.0,32701.0,3353.0
14,19,259.35,324187.5,32419.0,24314.0,48628.0,11482.0,32419.0,8105.0,32419.0,6852.0,32419.0,3888.0,32419.0,3324.0
14,20,266.65,333312.5,33331.0,24998.0,49997.0,11805.0,33331.0,8333.0,33331.0,7045.0,33331.0,3998.0,33331.0,3417.0
14,21,250.45,313062.5,31306.0,23480.0,46959.0,11088.0,31306.0,7827.0,31306.0,6617.0,31306.0,3755.0,31306.0,3210.0
14,22,251.44,314300.0,31430.0,23573.0,47145.0,11131.0,31430.0,7858.0,31430.0,6643.0,31430.0,3770.0,31430.0,3222.0
14,23,257.14,321425.0,32143.0,24107.0,48214.0,11384.0,32143.0,8036.0,32143.0,6794.0,32143.0,3855.0,32143.0,3295.0
14,24,253.84,317300.0,31730.0,23798.0,47595.0,11238.0,31730.0,7933.0,31730.0,6707.0,31730.0,3806.0,31730.0,3253.0
14,25,259.92,324900.0,32490.0,24368.0,48735.0,11507.0,32490.0,8123.0,32490.0,6867.0,32490.0,3897.0,32490.0,3331.0
14,26,251.2,314000.0,31400.0,23550.0,47100.0,11121.0,31400.0,7850.0,31400.0,6637.0,31400.0,3766.0,31400.0,3219.0
14,27,261.05,326312.5,32631.0,24473.0,48947.0,11557.0,32631.0,8158.0,32631.0,6897.0,32631.0,3914.0,32631.0,3345.0
14,28,263.69,329612.5,32961.0,24721.0,49442.0,11674.0,32961.0,8240.0,32961.0,6967.0,32961.0,3953.0,32961.0,3379.0
14,29,257.07,321337.5,32134.0,24100.0,48201.0,11381.0,32134.0,8033.0,32134.0,6792.0,32134.0,3854.0,32134.0,3294.0
14,30,346.35,432937.5,43294.0,32470.0,64941.0,15333.0,43294.0,10823.0,43294.0,9151.0,43294.0,5192.0,43294.0,4438.0
15,1,283.27,354087.5,35409.0,26557.0,53113.0,12541.0,35409.0,8852.0,35409.0,7484.0,35409.0,4247.0,35409.0,3630.0
15,2,268.66,335825.0,33583.0,25187.0,50374.0,11894.0,33583.0,8396.0,33583.0,7098.0,33583.0,4028.0,33583.0,3443.0
15,3,263.93,329912.5,32991.0,24743.0,49487.0,11684.0,32991.0,8248.0,32991.0,6973.0,32991.0,3957.0,32991.0,3382.0
15,4,256.89,321112.5,32111.0,24083.0,48167.0,11373.0,32111.0,8028.0,32111.0,6787.0,32111.0,3851.0,32111.0,3292.0
15,5,275.01,343762.5,34376.0,25782.0,51564.0,12175.0,34376.0,8594.0,34376.0,7266.0,34376.0,4123.0,34376.0,3524.0
15,6,275.11,343887.5,34389.0,25792.0,51583.0,12179.0,34389.0,8597.0,34389.0,7269.0,34389.0,4124.0,34389.0,3526.0
15,7,274.94,343675.0,34368.0,25776.0,51551.0,12172.0,34368.0,8592.0,34368.0,7264.0,34368.0,4122.0,34368.0,3523.0
15,8,274.51,343137.5,34314.0,25735.0,51471.0,12153.0,34314.0,8578.0,34314.0,7253.0,34314.0,4115.0,34314.0,3518.0
15,9,273.8,342250.0,34225.0,25669.0,51338.0,12121.0,34225.0,8556.0,34225.0,7234.0,34225.0,4105.0,34225.0,3509.0
15,10,272.82,341025.0,34103.0,25577.0,51154.0,12078.0,34103.0,8526.0,34103.0,7208.0,34103.0,4090.0,34103.0,3496.0
15,11,271.57,339462.5,33946.0,25460.0,50919.0,12023.0,33946.0,8487.0,33946.0,7175.0,33946.0,4071.0,33946.0,3480.0
15,12,270.05,337562.5,33756.0,25317.0,50634.0,11955.0,33756.0,8439.0,33756.0,7135.0,33756.0,4049.0,33756.0,3461.0
15,13,268.25,335312.5,33531.0,25148.0,50297.0,11876.0,33531.0,8383.0,33531.0,7087.0,33531.0,4022.0,33531.0,3438.0
15,14,266.19,332737.5,33274.0,24955.0,49911.0,11784.0,33274.0,8318.0,33274.0,7033.0,33274.0,3991.0,33274.0,3411.0
15,15,263.85,329812.5,32981.0,24736.0,49472.0,11681.0,32981.0,8245.0,32981.0,6971.0,32981.0,3956.0,32981.0,3381.0
15,16,261.85,327312.5,32731.0,24548.0,49097.0,11592.0,32731.0,8183.0,32731.0,6918.0,32731.0,3926.0,32731.0,3356.0
15,17,264.38,330475.0,33048.0,24786.0,49571.0,11704.0,33048.0,8262.0,33048.0,6985.0,33048.0,3964.0,33048.0,3388.0
15,18,266.78,333475.0,33348.0,25011.0,50021.0,11811.0,33348.0,8337.0,33348.0,7049.0,33348.0,4000.0,33348.0,3419.0
15,19,255.71,319637.5,31964.0,23973.0,47946.0,11320.0,31964.0,7991.0,31964.0,6756.0,31964.0,3834.0,31964.0,3277.0
15,20,253.22,316525.0,31653.0,23739.0,47479.0,11210.0,31653.0,7913.0,31653.0,6690.0,31653.0,3796.0,31653.0,3245.0
15,21,261.06,326325.0,32633.0,24474.0,48949.0,11557.0,32633.0,8158.0,32633.0,6897.0,32633.0,3914.0,32633.0,3345.0
15,22,268.52,335650.0,33565.0,25174.0,50348.0,11888.0,33565.0,8391.0,33565.0,7094.0,33565.0,4026.0,33565.0,3441.0
15,23,275.6,344500.0,34450.0,25838.0,51675.0,12201.0,34450.0,8613.0,34450.0,7282.0,34450.0,4132.0,34450.0,3532.0
15,24,282.32,352900.0,35290.0,26468.0,52935.0,12499.0,35290.0,8823.0,35290.0,7459.0,35290.0,4232.0,35290.0,3618.0
15,25,313.08,391350.0,39135.0,29351.0,58703.0,13860.0,39135.0,9784.0,39135.0,8272.0,39135.0,4694.0,39135.0,4012.0
15,26,295.63,369537.5,36954.0,27715.0,55431.0,13088.0,36954.0,9238.0,36954.0,7811.0,36954.0,4432.0,36954.0,3788.0
15,27,301.2,376500.0,37650.0,28238.0,56475.0,13334.0,37650.0,9413.0,37650.0,7958.0,37650.0,4516.0,37650.0,3860.0
15,28,306.39,382987.5,38299.0,28724.0,57448.0,13564.0,38299.0,9575.0,38299.0,8095.0,38299.0,4593.0,38299.0,3926.0
15,29,307.16,383950.0,38395.0,28796.0,57593.0,13598.0,38395.0,9599.0,38395.0,8115.0,38395.0,4605.0,38395.0,3936.0
15,30,301.33,376662.5,37666.0,28250.0,56499.0,13340.0,37666.0,9417.0,37666.0,7961.0,37666.0,4517.0,37666.0,3862.0
15,31,295.06,368825.0,36883.0,27662.0,55324.0,13063.0,36883.0,9221.0,36883.0,7796.0,36883.0,4423.0,36883.0,3781.0
15,32,288.41,360512.5,36051.0,27038.0,54077.0,12768.0,36051.0,9013.0,36051.0,7620.0,36051.0,4324.0,36051.0,3696.0
15,33,281.39,351737.5,35174.0,26380.0,52761.0,12457.0,35174.0,8793.0,35174.0,7435.0,35174.0,4219.0,35174.0,3606.0
15,34,273.99,342487.5,34249.0,25687.0,51373.0,12130.0,34249.0,8562.0,34249.0,7239.0,34249.0,4108.0,34249.0,3511.0
15,35,266.35,332937.5,33294.0,24970.0,49941.0,11792.0,33294.0,8323.0,33294.0,7037.0,33294.0,3993.0,33294.0,3413.0
15,36,264.25,330312.5,33031.0,24773.0,49547.0,11699.0,33031.0,8258.0,33031.0,6982.0,33031.0,3962.0,33031.0,3386.0
15,37,264.97,331212.5,33121.0,24841.0,49682.0,11730.0,33121.0,8280.0,33121.0,7001.0,33121.0,3972.0,33121.0,3396.0
15,38,265.31,331637.5,33164.0,24873.0,49746.0,11745.0,33164.0,8291.0,33164.0,7010.0,33164.0,3977.0,33164.0,3400.0
15,39,265.29,331612.5,33161.0,24871.0,49742.0,11745.0,33161.0,8290.0,33161.0,7009.0,33161.0,3977.0,33161.0,3400.0
15,40,264.9,331125.0,33113.0,24834.0,49669.0,11727.0,33113.0,8278.0,33113.0,6999.0,33113.0,3971.0,33113.0,3395.0
15,41,264.13,330162.5,33016.0,24762.0,49524.0,11693.0,33016.0,8254.0,33016.0,6978.0,33016.0,3960.0,33016.0,3385.0
15,42,263.0,328750.0,32875.0,24656.0,49313.0,11643.0,32875.0,8219.0,32875.0,6949.0,32875.0,3943.0,32875.0,3370.0
15,43,261.5,326875.0,32688.0,24516.0,49031.0,11577.0,32688.0,8172.0,32688.0,6909.0,32688.0,3920.0,32688.0,3351.0
15,44,259.62,324525.0,32453.0,24339.0,48679.0,11494.0,32453.0,8113.0,32453.0,6859.0,32453.0,3892.0,32453.0,3327.0
15,45,257.37,321712.5,32171.0,24128.0,48257.0,11394.0,32171.0,8043.0,32171.0,6800.0,32171.0,3858.0,32171.0,3298.0
15,46,254.92,318650.0,31865.0,23899.0,47798.0,11286.0,31865.0,7966.0,31865.0,6735.0,31865.0,3822.0,31865.0,3267.0
15,47,255.78,319725.0,31973.0,23979.0,47959.0,11324.0,31973.0,7993.0,31973.0,6758.0,31973.0,3835.0,31973.0,3278.0
15,48,257.71,322137.5,32214.0,24160.0,48321.0,11409.0,32214.0,8053.0,32214.0,6809.0,32214.0,3864.0,32214.0,3303.0
15,49,259.23,324037.5,32404.0,24303.0,48606.0,11476.0,32404.0,8101.0,32404.0,6849.0,32404.0,3886.0,32404.0,3322.0
15,50,268.25,335312.5,33531.0,25148.0,50297.0,11876.0,33531.0,8383.0,33531.0,7087.0,33531.0,4022.0,33531.0,3438.0
15,51,296.74,370925.0,37093.0,27819.0,55639.0,13137.0,37093.0,9273.0,37093.0,7840.0,37093.0,4449.0,37093.0,3803.0
15,52,275.16,343950.0,34395.0,25796.0,51593.0,12182.0,34395.0,8599.0,34395.0,7270.0,34395.0,4125.0,34395.0,3526.0
15,53,325.05,406312.5,40631.0,30473.0,60947.0,14390.0,40631.0,10158.0,40631.0,8588.0,40631.0,4873.0,40631.0,4166.0
16,1,309.25,386562.5,38656.0,28992.0,57984.0,13691.0,38656.0,9664.0,38656.0,8171.0,38656.0,4636.0,38656.0,3963.0
16,2,254.74,318425.0,31843.0,23882.0,47764.0,11278.0,31843.0,7961.0,31843.0,6730.0,31843.0,3819.0,31843.0,3264.0
16,3,260.8,326000.0,32600.0,24450.0,48900.0,11546.0,32600.0,8150.0,32600.0,6891.0,32600.0,3910.0,32600.0,3342.0
16,4,326.04,407550.0,40755.0,30566.0,61133.0,14434.0,40755.0,10189.0,40755.0,8614.0,40755.0,4888.0,40755.0,4178.0
16,5,306.77,383462.5,38346.0,28760.0,57519.0,13581.0,38346.0,9587.0,38346.0,8105.0,38346.0,4599.0,38346.0,3931.0
16,6,295.78,369725.0,36973.0,27729.0,55459.0,13094.0,36973.0,9243.0,36973.0,7815.0,36973.0,4434.0,36973.0,3790.0
16,7,260.35,325437.5,32544.0,24408.0,48816.0,11526.0,32544.0,8136.0,32544.0,6879.0,32544.0,3903.0,32544.0,3336.0
16,8,253.12,316400.0,31640.0,23730.0,47460.0,11206.0,31640.0,7910.0,31640.0,6688.0,31640.0,3795.0,31640.0,3244.0
16,9,270.1,337625.0,33763.0,25322.0,50644.0,11958.0,33763.0,8441.0,33763.0,7136.0,33763.0,4049.0,33763.0,3461.0
16,10,268.55,335687.5,33569.0,25177.0,50353.0,11889.0,33569.0,8392.0,33569.0,7095.0,33569.0,4026.0,33569.0,3441.0
16,11,265.23,331537.5,33154.0,24865.0,49731.0,11742.0,33154.0,8288.0,33154.0,7008.0,33154.0,3976.0,33154.0,3399.0
16,12,265.23,331537.5,33154.0,24865.0,49731.0,11742.0,33154.0,8288.0,33154.0,7008.0,33154.0,3976.0,33154.0,3399.0
16,13,265.23,331537.5,33154.0,24865.0,49731.0,11742.0,33154.0,8288.0,33154.0,7008.0,33154.0,3976.0,33154.0,3399.0
16,14,265.23,331537.5,33154.0,24865.0,49731.0,11742.0,33154.0,8288.0,33154.0,7008.0,33154.0,3976.0,33154.0,3399.0
16,15,265.23,331537.5,33154.0,24865.0,49731.0,11742.0,33154.0,8288.0,33154.0,7008.0,33154.0,3976.0,33154.0,3399.0
16,16,265.23,331537.5,33154.0,24865.0,49731.0,11742.0,33154.0,8288.0,33154.0,7008.0,33154.0,3976.0,33154.0,3399.0
16,17,265.23,331537.5,33154.0,24865.0,49731.0,11742.0,33154.0,8288.0,33154.0,7008.0,33154.0,3976.0,33154.0,3399.0
16,18,289.26,361575.0,36158.0,27118.0,54236.0,12806.0,36158.0,9039.0,36158.0,7642.0,36158.0,4337.0,36158.0,3707.0
16,19,323.2,404000.0,40400.0,30300.0,60600.0,14308.0,40400.0,10100.0,40400.0,8539.0,40400.0,4845.0,40400.0,4142.0
16,20,347.36,434200.0,43420.0,32565.0,65130.0,15378.0,43420.0,10855.0,43420.0,9177.0,43420.0,5208.0,43420.0,4451.0
16,21,321.04,401300.0,40130.0,30098.0,60195.0,14213.0,40130.0,10033.0,40130.0,8482.0,40130.0,4813.0,40130.0,4114.0
16,22,300.42,375525.0,37553.0,28164.0,56329.0,13300.0,37553.0,9388.0,37553.0,7937.0,37553.0,4504.0,37553.0,3850.0
16,23,271.54,339425.0,33943.0,25457.0,50914.0,12021.0,33943.0,8486.0,33943.0,7174.0,33943.0,4071.0,33943.0,3480.0
16,24,270.99,338737.5,33874.0,25405.0,50811.0,11997.0,33874.0,8468.0,33874.0,7160.0,33874.0,4063.0,33874.0,3473.0
16,25,259.0,323750.0,32375.0,24281.0,48563.0,11466.0,32375.0,8094.0,32375.0,6843.0,32375.0,3883.0,32375.0,3319.0
16,26,258.81,323512.5,32351.0,24263.0,48527.0,11458.0,32351.0,8088.0,32351.0,6838.0,32351.0,3880.0,32351.0,3317.0
16,27,252.73,315912.5,31591.0,23693.0,47387.0,11189.0,31591.0,7898.0,31591.0,6677.0,31591.0,3789.0,31591.0,3239.0
16,28,263.38,329225.0,32923.0,24692.0,49384.0,11660.0,32923.0,8231.0,32923.0,6959.0,32923.0,3949.0,32923.0,3375.0
16,29,263.82,329775.0,32978.0,24733.0,49466.0,11680.0,32978.0,8244.0,32978.0,6970.0,32978.0,3955.0,32978.0,3381.0
16,30,269.07,336337.5,33634.0,25225.0,50451.0,11912.0,33634.0,8408.0,33634.0,7109.0,33634.0,4034.0,33634.0,3448.0
16,31,300.2,375250.0,37525.0,28144.0,56288.0,13290.0,37525.0,9381.0,37525.0,7931.0,37525.0,4501.0,37525.0,3847.0
16,32,313.08,391350.0,39135.0,29351.0,58703.0,13860.0,39135.0,9784.0,39135.0,8272.0,39135.0,4694.0,39135.0,4012.0
16,33,306.46,383075.0,38308.0,28731.0,57461.0,13567.0,38308.0,9577.0,38308.0,8097.0,38308.0,4594.0,38308.0,3927.0
16,34,285.55,356937.5,35694.0,26770.0,53541.0,12642.0,35694.0,8923.0,35694.0,7544.0,35694.0,4281.0,35694.0,3659.0
16,35,261.99,327487.5,32749.0,24562.0,49123.0,11599.0,32749.0,8187.0,32749.0,6922.0,32749.0,3928.0,32749.0,3357.0
16,36,274.24,342800.0,34280.0,25710.0,51420.0,12141.0,34280.0,8570.0,34280.0,7246.0,34280.0,4111.0,34280.0,3514.0
16,37,255.17,318962.5,31896.0,23922.0,47844.0,11297.0,31896.0,7974.0,31896.0,6742.0,31896.0,3825.0,31896.0,3270.0
17,1,314.48,393100.0,39310.0,29483.0,58965.0,13922.0,39310.0,9828.0,39310.0,8309.0,39310.0,4715.0,39310.0,4030.0
17,2,282.79,353487.5,35349.0,26512.0,53023.0,12519.0,35349.0,8837.0,35349.0,7472.0,35349.0,4240.0,35349.0,3624.0
17,3,271.4,339250.0,33925.0,25444.0,50888.0,12015.0,33925.0,8481.0,33925.0,7171.0,33925.0,4069.0,33925.0,3478.0
17,4,260.08,325100.0,32510.0,24383.0,48765.0,11514.0,32510.0,8128.0,32510.0,6871.0,32510.0,3899.0,32510.0,3333.0
17,5,261.42,326775.0,32678.0,24508.0,49016.0,11573.0,32678.0,8169.0,32678.0,6907.0,32678.0,3919.0,32678.0,3350.0
17,6,266.79,333487.5,33349.0,25012.0,50023.0,11811.0,33349.0,8337.0,33349.0,7049.0,33349.0,4000.0,33349.0,3419.0
17,7,266.77,333462.5,33346.0,25010.0,50019.0,11810.0,33346.0,8337.0,33346.0,7048.0,33346.0,3999.0,33346.0,3419.0
17,8,290.98,363725.0,36373.0,27279.0,54559.0,12882.0,36373.0,9093.0,36373.0,7688.0,36373.0,4362.0,36373.0,3729.0
17,9,303.99,379987.5,37999.0,28499.0,56998.0,13458.0,37999.0,9500.0,37999.0,8032.0,37999.0,4557.0,37999.0,3896.0
17,10,328.22,410275.0,41028.0,30771.0,61541.0,14531.0,41028.0,10257.0,41028.0,8672.0,41028.0,4921.0,41028.0,4206.0
17,11,332.84,416050.0,41605.0,31204.0,62408.0,14735.0,41605.0,10401.0,41605.0,8794.0,41605.0,4990.0,41605.0,4265.0
17,12,314.65,393312.5,39331.0,29498.0,58997.0,13930.0,39331.0,9833.0,39331.0,8313.0,39331.0,4717.0,39331.0,4032.0
17,13,288.37,360462.5,36046.0,27035.0,54069.0,12766.0,36046.0,9012.0,36046.0,7619.0,36046.0,4323.0,36046.0,3695.0
17,14,285.06,356325.0,35633.0,26724.0,53449.0,12620.0,35633.0,8908.0,35633.0,7531.0,35633.0,4274.0,35633.0,3653.0
17,15,274.35,342937.5,34294.0,25720.0,51441.0,12146.0,34294.0,8573.0,34294.0,7249.0,34294.0,4113.0,34294.0,3516.0
17,16,276.04,345050.0,34505.0,25879.0,51758.0,12221.0,34505.0,8626.0,34505.0,7293.0,34505.0,4138.0,34505.0,3537.0
17,17,272.28,340350.0,34035.0,25526.0,51053.0,12054.0,34035.0,8509.0,34035.0,7194.0,34035.0,4082.0,34035.0,3489.0
17,18,293.0,366250.0,36625.0,27469.0,54938.0,12971.0,36625.0,9156.0,36625.0,7741.0,36625.0,4393.0,36625.0,3755.0
